{
    "camera_matrix": [
        [
            842.3484408485008,
            0.0,
            655.6803844822971
        ],
        [
            0.0,
            1269.0514617044435,
            358.38996041195503
        ],
        [
            0.0,
            0.0,
            1.0
        ]
    ],
    "dist_coeffs": [
        [
            -0.4347115020343406,
            0.2732334653814269,
            -0.013315263257228418,
            -0.005387238212775736,
            -0.10398427917504989
        ]
    ]
}