{
    "timestamp": "2026-01-14T17:11:19.040781",
    "total_points": 24,
    "camera_matrix": [
        [
            1234.8492287729225,
            0.0,
            642.3493670100975
        ],
        [
            0.0,
            1208.3789402662405,
            336.71798179188596
        ],
        [
            0.0,
            0.0,
            1.0
        ]
    ],
    "dist_coeffs": [
        [
            -0.5630901379126483,
            -0.019996089641912403,
            0.04779847747526689,
            0.017963287371303472,
            0.4916229070463649
        ]
    ]
}