{
    "camera_matrix": [
        [
            1209.7599932533083,
            0.0,
            653.1557122920638
        ],
        [
            0.0,
            1198.9522704083993,
            355.2874690004355
        ],
        [
            0.0,
            0.0,
            1.0
        ]
    ],
    "dist_coeffs": [
        [
            -0.8354069554563273,
            0.7010612450516455,
            0.009582618480890173,
            -0.01762534486811999,
            -0.35221267659146316
        ]
    ]
}