{
    "timestamp": "2026-01-14T16:38:31.451859",
    "sample_count": 4,
    "total_points": 30,
    "camera_matrix": [
        [
            882.233523145534,
            0.0,
            617.7629398295901
        ],
        [
            0.0,
            1131.6590265555537,
            366.99781088274455
        ],
        [
            0.0,
            0.0,
            1.0
        ]
    ],
    "dist_coeffs": [
        [
            -0.44985092674938704,
            0.47223176460599137,
            -0.07270599280770881,
            0.006809582883725315,
            -0.2474539053699087
        ]
    ]
}